1 Gildo,1 5000,1 COISO,1 DOIDO,1 MAE
2 Gildo,2 5000,2 COISO,2 DOIDO,2 MAE
3 Gildo,3 5000,3 COISO,3 DOIDO,3 MAE
4 Gildo,4 5000,4 COISO,4 DOIDO,4 MAE
5 Gildo,5 5000,5 COISO,5 DOIDO,5 MAE
6 Gildo,6 5000,6 COISO,6 DOIDO,6 MAE
7 Gildo,7 5000,7 COISO,7 DOIDO,7 MAE
8 Gildo,8 5000,8 COISO,8 DOIDO,8 MAE
9 Gildo,9 5000,9 COISO,9 DOIDO,9 MAE
10 Gildo,10 5000,10 COISO,10 DOIDO,10 MAE
11 Gildo,11 5000,11 COISO,11 DOIDO,11 MAE
12 Gildo,12 5000,12 COISO,12 DOIDO,12 MAE
13 Gildo,13 5000,13 COISO,13 DOIDO,13 MAE
14 Gildo,14 5000,14 COISO,14 DOIDO,14 MAE
15 Gildo,15 5000,15 COISO,15 DOIDO,15 MAE
16 Gildo,16 5000,16 COISO,16 DOIDO,16 MAE
17 Gildo,17 5000,17 COISO,17 DOIDO,17 MAE
18 Gildo,18 5000,18 COISO,18 DOIDO,18 MAE
19 Gildo,19 5000,19 COISO,19 DOIDO,19 MAE
20 Gildo,20 5000,20 COISO,20 DOIDO,20 MAE
21 Gildo,21 5000,21 COISO,21 DOIDO,21 MAE
22 Gildo,22 5000,22 COISO,22 DOIDO,22 MAE
23 Gildo,23 5000,23 COISO,23 DOIDO,23 MAE
24 Gildo,24 5000,24 COISO,24 DOIDO,24 MAE
25 Gildo,25 5000,25 COISO,25 DOIDO,25 MAE
26 Gildo,26 5000,26 COISO,26 DOIDO,26 MAE
27 Gildo,27 5000,27 COISO,27 DOIDO,27 MAE
28 Gildo,28 5000,28 COISO,28 DOIDO,28 MAE
29 Gildo,29 5000,29 COISO,29 DOIDO,29 MAE
30 Gildo,30 5000,30 COISO,30 DOIDO,30 MAE
31 Gildo,31 5000,31 COISO,31 DOIDO,31 MAE
32 Gildo,32 5000,32 COISO,32 DOIDO,32 MAE
33 Gildo,33 5000,33 COISO,33 DOIDO,33 MAE
34 Gildo,34 5000,34 COISO,34 DOIDO,34 MAE
35 Gildo,35 5000,35 COISO,35 DOIDO,35 MAE
36 Gildo,36 5000,36 COISO,36 DOIDO,36 MAE
37 Gildo,37 5000,37 COISO,37 DOIDO,37 MAE
38 Gildo,38 5000,38 COISO,38 DOIDO,38 MAE
39 Gildo,39 5000,39 COISO,39 DOIDO,39 MAE
40 Gildo,40 5000,40 COISO,40 DOIDO,40 MAE
41 Gildo,41 5000,41 COISO,41 DOIDO,41 MAE
42 Gildo,42 5000,42 COISO,42 DOIDO,42 MAE
43 Gildo,43 5000,43 COISO,43 DOIDO,43 MAE
44 Gildo,44 5000,44 COISO,44 DOIDO,44 MAE
45 Gildo,45 5000,45 COISO,45 DOIDO,45 MAE
46 Gildo,46 5000,46 COISO,46 DOIDO,46 MAE
47 Gildo,47 5000,47 COISO,47 DOIDO,47 MAE
48 Gildo,48 5000,48 COISO,48 DOIDO,48 MAE
49 Gildo,49 5000,49 COISO,49 DOIDO,49 MAE
50 Gildo,50 5000,50 COISO,50 DOIDO,50 MAE
51 Gildo,51 5000,51 COISO,51 DOIDO,51 MAE
52 Gildo,52 5000,52 COISO,52 DOIDO,52 MAE
53 Gildo,53 5000,53 COISO,53 DOIDO,53 MAE
54 Gildo,54 5000,54 COISO,54 DOIDO,54 MAE
55 Gildo,55 5000,55 COISO,55 DOIDO,55 MAE
56 Gildo,56 5000,56 COISO,56 DOIDO,56 MAE
57 Gildo,57 5000,57 COISO,57 DOIDO,57 MAE
58 Gildo,58 5000,58 COISO,58 DOIDO,58 MAE
59 Gildo,59 5000,59 COISO,59 DOIDO,59 MAE
60 Gildo,60 5000,60 COISO,60 DOIDO,60 MAE
61 Gildo,61 5000,61 COISO,61 DOIDO,61 MAE
62 Gildo,62 5000,62 COISO,62 DOIDO,62 MAE
63 Gildo,63 5000,63 COISO,63 DOIDO,63 MAE
64 Gildo,64 5000,64 COISO,64 DOIDO,64 MAE
65 Gildo,65 5000,65 COISO,65 DOIDO,65 MAE
66 Gildo,66 5000,66 COISO,66 DOIDO,66 MAE
67 Gildo,67 5000,67 COISO,67 DOIDO,67 MAE
68 Gildo,68 5000,68 COISO,68 DOIDO,68 MAE
69 Gildo,69 5000,69 COISO,69 DOIDO,69 MAE
70 Gildo,70 5000,70 COISO,70 DOIDO,70 MAE
71 Gildo,71 5000,71 COISO,71 DOIDO,71 MAE
72 Gildo,72 5000,72 COISO,72 DOIDO,72 MAE
73 Gildo,73 5000,73 COISO,73 DOIDO,73 MAE
74 Gildo,74 5000,74 COISO,74 DOIDO,74 MAE
75 Gildo,75 5000,75 COISO,75 DOIDO,75 MAE
76 Gildo,76 5000,76 COISO,76 DOIDO,76 MAE
77 Gildo,77 5000,77 COISO,77 DOIDO,77 MAE
78 Gildo,78 5000,78 COISO,78 DOIDO,78 MAE
79 Gildo,79 5000,79 COISO,79 DOIDO,79 MAE
80 Gildo,80 5000,80 COISO,80 DOIDO,80 MAE
81 Gildo,81 5000,81 COISO,81 DOIDO,81 MAE
82 Gildo,82 5000,82 COISO,82 DOIDO,82 MAE
83 Gildo,83 5000,83 COISO,83 DOIDO,83 MAE
84 Gildo,84 5000,84 COISO,84 DOIDO,84 MAE
85 Gildo,85 5000,85 COISO,85 DOIDO,85 MAE
86 Gildo,86 5000,86 COISO,86 DOIDO,86 MAE
87 Gildo,87 5000,87 COISO,87 DOIDO,87 MAE
88 Gildo,88 5000,88 COISO,88 DOIDO,88 MAE
89 Gildo,89 5000,89 COISO,89 DOIDO,89 MAE
90 Gildo,90 5000,90 COISO,90 DOIDO,90 MAE
91 Gildo,91 5000,91 COISO,91 DOIDO,91 MAE
92 Gildo,92 5000,92 COISO,92 DOIDO,92 MAE
93 Gildo,93 5000,93 COISO,93 DOIDO,93 MAE
94 Gildo,94 5000,94 COISO,94 DOIDO,94 MAE
95 Gildo,95 5000,95 COISO,95 DOIDO,95 MAE
96 Gildo,96 5000,96 COISO,96 DOIDO,96 MAE
97 Gildo,97 5000,97 COISO,97 DOIDO,97 MAE
98 Gildo,98 5000,98 COISO,98 DOIDO,98 MAE
99 Gildo,99 5000,99 COISO,99 DOIDO,99 MAE
100 Gildo,100 5000,100 COISO,100 DOIDO,100 MAE
101 Gildo,101 5000,101 COISO,101 DOIDO,101 MAE
102 Gildo,102 5000,102 COISO,102 DOIDO,102 MAE
103 Gildo,103 5000,103 COISO,103 DOIDO,103 MAE
104 Gildo,104 5000,104 COISO,104 DOIDO,104 MAE
105 Gildo,105 5000,105 COISO,105 DOIDO,105 MAE
106 Gildo,106 5000,106 COISO,106 DOIDO,106 MAE
107 Gildo,107 5000,107 COISO,107 DOIDO,107 MAE
108 Gildo,108 5000,108 COISO,108 DOIDO,108 MAE
109 Gildo,109 5000,109 COISO,109 DOIDO,109 MAE
110 Gildo,110 5000,110 COISO,110 DOIDO,110 MAE
111 Gildo,111 5000,111 COISO,111 DOIDO,111 MAE
112 Gildo,112 5000,112 COISO,112 DOIDO,112 MAE
113 Gildo,113 5000,113 COISO,113 DOIDO,113 MAE
114 Gildo,114 5000,114 COISO,114 DOIDO,114 MAE
115 Gildo,115 5000,115 COISO,115 DOIDO,115 MAE
116 Gildo,116 5000,116 COISO,116 DOIDO,116 MAE
117 Gildo,117 5000,117 COISO,117 DOIDO,117 MAE
118 Gildo,118 5000,118 COISO,118 DOIDO,118 MAE
119 Gildo,119 5000,119 COISO,119 DOIDO,119 MAE
120 Gildo,120 5000,120 COISO,120 DOIDO,120 MAE
121 Gildo,121 5000,121 COISO,121 DOIDO,121 MAE
122 Gildo,122 5000,122 COISO,122 DOIDO,122 MAE
123 Gildo,123 5000,123 COISO,123 DOIDO,123 MAE
124 Gildo,124 5000,124 COISO,124 DOIDO,124 MAE
125 Gildo,125 5000,125 COISO,125 DOIDO,125 MAE
126 Gildo,126 5000,126 COISO,126 DOIDO,126 MAE
127 Gildo,127 5000,127 COISO,127 DOIDO,127 MAE
128 Gildo,128 5000,128 COISO,128 DOIDO,128 MAE
129 Gildo,129 5000,129 COISO,129 DOIDO,129 MAE
130 Gildo,130 5000,130 COISO,130 DOIDO,130 MAE
131 Gildo,131 5000,131 COISO,131 DOIDO,131 MAE
132 Gildo,132 5000,132 COISO,132 DOIDO,132 MAE
133 Gildo,133 5000,133 COISO,133 DOIDO,133 MAE
134 Gildo,134 5000,134 COISO,134 DOIDO,134 MAE
135 Gildo,135 5000,135 COISO,135 DOIDO,135 MAE
136 Gildo,136 5000,136 COISO,136 DOIDO,136 MAE
137 Gildo,137 5000,137 COISO,137 DOIDO,137 MAE
138 Gildo,138 5000,138 COISO,138 DOIDO,138 MAE
139 Gildo,139 5000,139 COISO,139 DOIDO,139 MAE
140 Gildo,140 5000,140 COISO,140 DOIDO,140 MAE
141 Gildo,141 5000,141 COISO,141 DOIDO,141 MAE
142 Gildo,142 5000,142 COISO,142 DOIDO,142 MAE
143 Gildo,143 5000,143 COISO,143 DOIDO,143 MAE
144 Gildo,144 5000,144 COISO,144 DOIDO,144 MAE
145 Gildo,145 5000,145 COISO,145 DOIDO,145 MAE
146 Gildo,146 5000,146 COISO,146 DOIDO,146 MAE
147 Gildo,147 5000,147 COISO,147 DOIDO,147 MAE
148 Gildo,148 5000,148 COISO,148 DOIDO,148 MAE
149 Gildo,149 5000,149 COISO,149 DOIDO,149 MAE
150 Gildo,150 5000,150 COISO,150 DOIDO,150 MAE
151 Gildo,151 5000,151 COISO,151 DOIDO,151 MAE
152 Gildo,152 5000,152 COISO,152 DOIDO,152 MAE
153 Gildo,153 5000,153 COISO,153 DOIDO,153 MAE
154 Gildo,154 5000,154 COISO,154 DOIDO,154 MAE
155 Gildo,155 5000,155 COISO,155 DOIDO,155 MAE
156 Gildo,156 5000,156 COISO,156 DOIDO,156 MAE
157 Gildo,157 5000,157 COISO,157 DOIDO,157 MAE
158 Gildo,158 5000,158 COISO,158 DOIDO,158 MAE
159 Gildo,159 5000,159 COISO,159 DOIDO,159 MAE
160 Gildo,160 5000,160 COISO,160 DOIDO,160 MAE
161 Gildo,161 5000,161 COISO,161 DOIDO,161 MAE
162 Gildo,162 5000,162 COISO,162 DOIDO,162 MAE
163 Gildo,163 5000,163 COISO,163 DOIDO,163 MAE
164 Gildo,164 5000,164 COISO,164 DOIDO,164 MAE
165 Gildo,165 5000,165 COISO,165 DOIDO,165 MAE
166 Gildo,166 5000,166 COISO,166 DOIDO,166 MAE
167 Gildo,167 5000,167 COISO,167 DOIDO,167 MAE
168 Gildo,168 5000,168 COISO,168 DOIDO,168 MAE
169 Gildo,169 5000,169 COISO,169 DOIDO,169 MAE
170 Gildo,170 5000,170 COISO,170 DOIDO,170 MAE
171 Gildo,171 5000,171 COISO,171 DOIDO,171 MAE
172 Gildo,172 5000,172 COISO,172 DOIDO,172 MAE
173 Gildo,173 5000,173 COISO,173 DOIDO,173 MAE
174 Gildo,174 5000,174 COISO,174 DOIDO,174 MAE
175 Gildo,175 5000,175 COISO,175 DOIDO,175 MAE
176 Gildo,176 5000,176 COISO,176 DOIDO,176 MAE
177 Gildo,177 5000,177 COISO,177 DOIDO,177 MAE
178 Gildo,178 5000,178 COISO,178 DOIDO,178 MAE
179 Gildo,179 5000,179 COISO,179 DOIDO,179 MAE
180 Gildo,180 5000,180 COISO,180 DOIDO,180 MAE
181 Gildo,181 5000,181 COISO,181 DOIDO,181 MAE
182 Gildo,182 5000,182 COISO,182 DOIDO,182 MAE
183 Gildo,183 5000,183 COISO,183 DOIDO,183 MAE
184 Gildo,184 5000,184 COISO,184 DOIDO,184 MAE
185 Gildo,185 5000,185 COISO,185 DOIDO,185 MAE
186 Gildo,186 5000,186 COISO,186 DOIDO,186 MAE
187 Gildo,187 5000,187 COISO,187 DOIDO,187 MAE
188 Gildo,188 5000,188 COISO,188 DOIDO,188 MAE
189 Gildo,189 5000,189 COISO,189 DOIDO,189 MAE
190 Gildo,190 5000,190 COISO,190 DOIDO,190 MAE
191 Gildo,191 5000,191 COISO,191 DOIDO,191 MAE
192 Gildo,192 5000,192 COISO,192 DOIDO,192 MAE
193 Gildo,193 5000,193 COISO,193 DOIDO,193 MAE
194 Gildo,194 5000,194 COISO,194 DOIDO,194 MAE
195 Gildo,195 5000,195 COISO,195 DOIDO,195 MAE
196 Gildo,196 5000,196 COISO,196 DOIDO,196 MAE
197 Gildo,197 5000,197 COISO,197 DOIDO,197 MAE
198 Gildo,198 5000,198 COISO,198 DOIDO,198 MAE
199 Gildo,199 5000,199 COISO,199 DOIDO,199 MAE
200 Gildo,200 5000,200 COISO,200 DOIDO,200 MAE
201 Gildo,201 5000,201 COISO,201 DOIDO,201 MAE
202 Gildo,202 5000,202 COISO,202 DOIDO,202 MAE
203 Gildo,203 5000,203 COISO,203 DOIDO,203 MAE
204 Gildo,204 5000,204 COISO,204 DOIDO,204 MAE
205 Gildo,205 5000,205 COISO,205 DOIDO,205 MAE
206 Gildo,206 5000,206 COISO,206 DOIDO,206 MAE
207 Gildo,207 5000,207 COISO,207 DOIDO,207 MAE
208 Gildo,208 5000,208 COISO,208 DOIDO,208 MAE
209 Gildo,209 5000,209 COISO,209 DOIDO,209 MAE
210 Gildo,210 5000,210 COISO,210 DOIDO,210 MAE
211 Gildo,211 5000,211 COISO,211 DOIDO,211 MAE
212 Gildo,212 5000,212 COISO,212 DOIDO,212 MAE
213 Gildo,213 5000,213 COISO,213 DOIDO,213 MAE
214 Gildo,214 5000,214 COISO,214 DOIDO,214 MAE
215 Gildo,215 5000,215 COISO,215 DOIDO,215 MAE
216 Gildo,216 5000,216 COISO,216 DOIDO,216 MAE
217 Gildo,217 5000,217 COISO,217 DOIDO,217 MAE
218 Gildo,218 5000,218 COISO,218 DOIDO,218 MAE
219 Gildo,219 5000,219 COISO,219 DOIDO,219 MAE
220 Gildo,220 5000,220 COISO,220 DOIDO,220 MAE
221 Gildo,221 5000,221 COISO,221 DOIDO,221 MAE
222 Gildo,222 5000,222 COISO,222 DOIDO,222 MAE
223 Gildo,223 5000,223 COISO,223 DOIDO,223 MAE
224 Gildo,224 5000,224 COISO,224 DOIDO,224 MAE
225 Gildo,225 5000,225 COISO,225 DOIDO,225 MAE
226 Gildo,226 5000,226 COISO,226 DOIDO,226 MAE
227 Gildo,227 5000,227 COISO,227 DOIDO,227 MAE
228 Gildo,228 5000,228 COISO,228 DOIDO,228 MAE
229 Gildo,229 5000,229 COISO,229 DOIDO,229 MAE
230 Gildo,230 5000,230 COISO,230 DOIDO,230 MAE
231 Gildo,231 5000,231 COISO,231 DOIDO,231 MAE
232 Gildo,232 5000,232 COISO,232 DOIDO,232 MAE
233 Gildo,233 5000,233 COISO,233 DOIDO,233 MAE
234 Gildo,234 5000,234 COISO,234 DOIDO,234 MAE
235 Gildo,235 5000,235 COISO,235 DOIDO,235 MAE
236 Gildo,236 5000,236 COISO,236 DOIDO,236 MAE
237 Gildo,237 5000,237 COISO,237 DOIDO,237 MAE
238 Gildo,238 5000,238 COISO,238 DOIDO,238 MAE
239 Gildo,239 5000,239 COISO,239 DOIDO,239 MAE
240 Gildo,240 5000,240 COISO,240 DOIDO,240 MAE
241 Gildo,241 5000,241 COISO,241 DOIDO,241 MAE
242 Gildo,242 5000,242 COISO,242 DOIDO,242 MAE
243 Gildo,243 5000,243 COISO,243 DOIDO,243 MAE
244 Gildo,244 5000,244 COISO,244 DOIDO,244 MAE
245 Gildo,245 5000,245 COISO,245 DOIDO,245 MAE
246 Gildo,246 5000,246 COISO,246 DOIDO,246 MAE
247 Gildo,247 5000,247 COISO,247 DOIDO,247 MAE
248 Gildo,248 5000,248 COISO,248 DOIDO,248 MAE
249 Gildo,249 5000,249 COISO,249 DOIDO,249 MAE
250 Gildo,250 5000,250 COISO,250 DOIDO,250 MAE
251 Gildo,251 5000,251 COISO,251 DOIDO,251 MAE
252 Gildo,252 5000,252 COISO,252 DOIDO,252 MAE
253 Gildo,253 5000,253 COISO,253 DOIDO,253 MAE
254 Gildo,254 5000,254 COISO,254 DOIDO,254 MAE
255 Gildo,255 5000,255 COISO,255 DOIDO,255 MAE
256 Gildo,256 5000,256 COISO,256 DOIDO,256 MAE
257 Gildo,257 5000,257 COISO,257 DOIDO,257 MAE
258 Gildo,258 5000,258 COISO,258 DOIDO,258 MAE
259 Gildo,259 5000,259 COISO,259 DOIDO,259 MAE
260 Gildo,260 5000,260 COISO,260 DOIDO,260 MAE
261 Gildo,261 5000,261 COISO,261 DOIDO,261 MAE
262 Gildo,262 5000,262 COISO,262 DOIDO,262 MAE
263 Gildo,263 5000,263 COISO,263 DOIDO,263 MAE
264 Gildo,264 5000,264 COISO,264 DOIDO,264 MAE
265 Gildo,265 5000,265 COISO,265 DOIDO,265 MAE
266 Gildo,266 5000,266 COISO,266 DOIDO,266 MAE
267 Gildo,267 5000,267 COISO,267 DOIDO,267 MAE
268 Gildo,268 5000,268 COISO,268 DOIDO,268 MAE
269 Gildo,269 5000,269 COISO,269 DOIDO,269 MAE
270 Gildo,270 5000,270 COISO,270 DOIDO,270 MAE
271 Gildo,271 5000,271 COISO,271 DOIDO,271 MAE
272 Gildo,272 5000,272 COISO,272 DOIDO,272 MAE
273 Gildo,273 5000,273 COISO,273 DOIDO,273 MAE
274 Gildo,274 5000,274 COISO,274 DOIDO,274 MAE
275 Gildo,275 5000,275 COISO,275 DOIDO,275 MAE
276 Gildo,276 5000,276 COISO,276 DOIDO,276 MAE
277 Gildo,277 5000,277 COISO,277 DOIDO,277 MAE
278 Gildo,278 5000,278 COISO,278 DOIDO,278 MAE
279 Gildo,279 5000,279 COISO,279 DOIDO,279 MAE
280 Gildo,280 5000,280 COISO,280 DOIDO,280 MAE
281 Gildo,281 5000,281 COISO,281 DOIDO,281 MAE
282 Gildo,282 5000,282 COISO,282 DOIDO,282 MAE
283 Gildo,283 5000,283 COISO,283 DOIDO,283 MAE
284 Gildo,284 5000,284 COISO,284 DOIDO,284 MAE
285 Gildo,285 5000,285 COISO,285 DOIDO,285 MAE
286 Gildo,286 5000,286 COISO,286 DOIDO,286 MAE
287 Gildo,287 5000,287 COISO,287 DOIDO,287 MAE
288 Gildo,288 5000,288 COISO,288 DOIDO,288 MAE
289 Gildo,289 5000,289 COISO,289 DOIDO,289 MAE
290 Gildo,290 5000,290 COISO,290 DOIDO,290 MAE
291 Gildo,291 5000,291 COISO,291 DOIDO,291 MAE
292 Gildo,292 5000,292 COISO,292 DOIDO,292 MAE
293 Gildo,293 5000,293 COISO,293 DOIDO,293 MAE
294 Gildo,294 5000,294 COISO,294 DOIDO,294 MAE
295 Gildo,295 5000,295 COISO,295 DOIDO,295 MAE
296 Gildo,296 5000,296 COISO,296 DOIDO,296 MAE
297 Gildo,297 5000,297 COISO,297 DOIDO,297 MAE
298 Gildo,298 5000,298 COISO,298 DOIDO,298 MAE
299 Gildo,299 5000,299 COISO,299 DOIDO,299 MAE
300 Gildo,300 5000,300 COISO,300 DOIDO,300 MAE
301 Gildo,301 5000,301 COISO,301 DOIDO,301 MAE
302 Gildo,302 5000,302 COISO,302 DOIDO,302 MAE
303 Gildo,303 5000,303 COISO,303 DOIDO,303 MAE
304 Gildo,304 5000,304 COISO,304 DOIDO,304 MAE
305 Gildo,305 5000,305 COISO,305 DOIDO,305 MAE
306 Gildo,306 5000,306 COISO,306 DOIDO,306 MAE
307 Gildo,307 5000,307 COISO,307 DOIDO,307 MAE
308 Gildo,308 5000,308 COISO,308 DOIDO,308 MAE
309 Gildo,309 5000,309 COISO,309 DOIDO,309 MAE
310 Gildo,310 5000,310 COISO,310 DOIDO,310 MAE
311 Gildo,311 5000,311 COISO,311 DOIDO,311 MAE
312 Gildo,312 5000,312 COISO,312 DOIDO,312 MAE
313 Gildo,313 5000,313 COISO,313 DOIDO,313 MAE
314 Gildo,314 5000,314 COISO,314 DOIDO,314 MAE
315 Gildo,315 5000,315 COISO,315 DOIDO,315 MAE
316 Gildo,316 5000,316 COISO,316 DOIDO,316 MAE
317 Gildo,317 5000,317 COISO,317 DOIDO,317 MAE
318 Gildo,318 5000,318 COISO,318 DOIDO,318 MAE
319 Gildo,319 5000,319 COISO,319 DOIDO,319 MAE
320 Gildo,320 5000,320 COISO,320 DOIDO,320 MAE
321 Gildo,321 5000,321 COISO,321 DOIDO,321 MAE
322 Gildo,322 5000,322 COISO,322 DOIDO,322 MAE
323 Gildo,323 5000,323 COISO,323 DOIDO,323 MAE
324 Gildo,324 5000,324 COISO,324 DOIDO,324 MAE
325 Gildo,325 5000,325 COISO,325 DOIDO,325 MAE
326 Gildo,326 5000,326 COISO,326 DOIDO,326 MAE
327 Gildo,327 5000,327 COISO,327 DOIDO,327 MAE
328 Gildo,328 5000,328 COISO,328 DOIDO,328 MAE
329 Gildo,329 5000,329 COISO,329 DOIDO,329 MAE
330 Gildo,330 5000,330 COISO,330 DOIDO,330 MAE
331 Gildo,331 5000,331 COISO,331 DOIDO,331 MAE
332 Gildo,332 5000,332 COISO,332 DOIDO,332 MAE
333 Gildo,333 5000,333 COISO,333 DOIDO,333 MAE
334 Gildo,334 5000,334 COISO,334 DOIDO,334 MAE
335 Gildo,335 5000,335 COISO,335 DOIDO,335 MAE
336 Gildo,336 5000,336 COISO,336 DOIDO,336 MAE
337 Gildo,337 5000,337 COISO,337 DOIDO,337 MAE
338 Gildo,338 5000,338 COISO,338 DOIDO,338 MAE
339 Gildo,339 5000,339 COISO,339 DOIDO,339 MAE
340 Gildo,340 5000,340 COISO,340 DOIDO,340 MAE
341 Gildo,341 5000,341 COISO,341 DOIDO,341 MAE
342 Gildo,342 5000,342 COISO,342 DOIDO,342 MAE
343 Gildo,343 5000,343 COISO,343 DOIDO,343 MAE
344 Gildo,344 5000,344 COISO,344 DOIDO,344 MAE
345 Gildo,345 5000,345 COISO,345 DOIDO,345 MAE
346 Gildo,346 5000,346 COISO,346 DOIDO,346 MAE
347 Gildo,347 5000,347 COISO,347 DOIDO,347 MAE
348 Gildo,348 5000,348 COISO,348 DOIDO,348 MAE
349 Gildo,349 5000,349 COISO,349 DOIDO,349 MAE
350 Gildo,350 5000,350 COISO,350 DOIDO,350 MAE
351 Gildo,351 5000,351 COISO,351 DOIDO,351 MAE
352 Gildo,352 5000,352 COISO,352 DOIDO,352 MAE
353 Gildo,353 5000,353 COISO,353 DOIDO,353 MAE
354 Gildo,354 5000,354 COISO,354 DOIDO,354 MAE
355 Gildo,355 5000,355 COISO,355 DOIDO,355 MAE
356 Gildo,356 5000,356 COISO,356 DOIDO,356 MAE
357 Gildo,357 5000,357 COISO,357 DOIDO,357 MAE
358 Gildo,358 5000,358 COISO,358 DOIDO,358 MAE
359 Gildo,359 5000,359 COISO,359 DOIDO,359 MAE
360 Gildo,360 5000,360 COISO,360 DOIDO,360 MAE
361 Gildo,361 5000,361 COISO,361 DOIDO,361 MAE
362 Gildo,362 5000,362 COISO,362 DOIDO,362 MAE
363 Gildo,363 5000,363 COISO,363 DOIDO,363 MAE
364 Gildo,364 5000,364 COISO,364 DOIDO,364 MAE
365 Gildo,365 5000,365 COISO,365 DOIDO,365 MAE
366 Gildo,366 5000,366 COISO,366 DOIDO,366 MAE
367 Gildo,367 5000,367 COISO,367 DOIDO,367 MAE
368 Gildo,368 5000,368 COISO,368 DOIDO,368 MAE
369 Gildo,369 5000,369 COISO,369 DOIDO,369 MAE
370 Gildo,370 5000,370 COISO,370 DOIDO,370 MAE
371 Gildo,371 5000,371 COISO,371 DOIDO,371 MAE
372 Gildo,372 5000,372 COISO,372 DOIDO,372 MAE
373 Gildo,373 5000,373 COISO,373 DOIDO,373 MAE
374 Gildo,374 5000,374 COISO,374 DOIDO,374 MAE
375 Gildo,375 5000,375 COISO,375 DOIDO,375 MAE
376 Gildo,376 5000,376 COISO,376 DOIDO,376 MAE
377 Gildo,377 5000,377 COISO,377 DOIDO,377 MAE
378 Gildo,378 5000,378 COISO,378 DOIDO,378 MAE
379 Gildo,379 5000,379 COISO,379 DOIDO,379 MAE
380 Gildo,380 5000,380 COISO,380 DOIDO,380 MAE
381 Gildo,381 5000,381 COISO,381 DOIDO,381 MAE
382 Gildo,382 5000,382 COISO,382 DOIDO,382 MAE
383 Gildo,383 5000,383 COISO,383 DOIDO,383 MAE
384 Gildo,384 5000,384 COISO,384 DOIDO,384 MAE
385 Gildo,385 5000,385 COISO,385 DOIDO,385 MAE
386 Gildo,386 5000,386 COISO,386 DOIDO,386 MAE
387 Gildo,387 5000,387 COISO,387 DOIDO,387 MAE
388 Gildo,388 5000,388 COISO,388 DOIDO,388 MAE
389 Gildo,389 5000,389 COISO,389 DOIDO,389 MAE
390 Gildo,390 5000,390 COISO,390 DOIDO,390 MAE
391 Gildo,391 5000,391 COISO,391 DOIDO,391 MAE
392 Gildo,392 5000,392 COISO,392 DOIDO,392 MAE
393 Gildo,393 5000,393 COISO,393 DOIDO,393 MAE
394 Gildo,394 5000,394 COISO,394 DOIDO,394 MAE
395 Gildo,395 5000,395 COISO,395 DOIDO,395 MAE
396 Gildo,396 5000,396 COISO,396 DOIDO,396 MAE
397 Gildo,397 5000,397 COISO,397 DOIDO,397 MAE
398 Gildo,398 5000,398 COISO,398 DOIDO,398 MAE
399 Gildo,399 5000,399 COISO,399 DOIDO,399 MAE
400 Gildo,400 5000,400 COISO,400 DOIDO,400 MAE
401 Gildo,401 5000,401 COISO,401 DOIDO,401 MAE
402 Gildo,402 5000,402 COISO,402 DOIDO,402 MAE
403 Gildo,403 5000,403 COISO,403 DOIDO,403 MAE
404 Gildo,404 5000,404 COISO,404 DOIDO,404 MAE
405 Gildo,405 5000,405 COISO,405 DOIDO,405 MAE
406 Gildo,406 5000,406 COISO,406 DOIDO,406 MAE
407 Gildo,407 5000,407 COISO,407 DOIDO,407 MAE
408 Gildo,408 5000,408 COISO,408 DOIDO,408 MAE
409 Gildo,409 5000,409 COISO,409 DOIDO,409 MAE
410 Gildo,410 5000,410 COISO,410 DOIDO,410 MAE
411 Gildo,411 5000,411 COISO,411 DOIDO,411 MAE
412 Gildo,412 5000,412 COISO,412 DOIDO,412 MAE
413 Gildo,413 5000,413 COISO,413 DOIDO,413 MAE
414 Gildo,414 5000,414 COISO,414 DOIDO,414 MAE
415 Gildo,415 5000,415 COISO,415 DOIDO,415 MAE
416 Gildo,416 5000,416 COISO,416 DOIDO,416 MAE
417 Gildo,417 5000,417 COISO,417 DOIDO,417 MAE
418 Gildo,418 5000,418 COISO,418 DOIDO,418 MAE
419 Gildo,419 5000,419 COISO,419 DOIDO,419 MAE
420 Gildo,420 5000,420 COISO,420 DOIDO,420 MAE
421 Gildo,421 5000,421 COISO,421 DOIDO,421 MAE
422 Gildo,422 5000,422 COISO,422 DOIDO,422 MAE
423 Gildo,423 5000,423 COISO,423 DOIDO,423 MAE
424 Gildo,424 5000,424 COISO,424 DOIDO,424 MAE
425 Gildo,425 5000,425 COISO,425 DOIDO,425 MAE
426 Gildo,426 5000,426 COISO,426 DOIDO,426 MAE
427 Gildo,427 5000,427 COISO,427 DOIDO,427 MAE
428 Gildo,428 5000,428 COISO,428 DOIDO,428 MAE
429 Gildo,429 5000,429 COISO,429 DOIDO,429 MAE
430 Gildo,430 5000,430 COISO,430 DOIDO,430 MAE
431 Gildo,431 5000,431 COISO,431 DOIDO,431 MAE
432 Gildo,432 5000,432 COISO,432 DOIDO,432 MAE
433 Gildo,433 5000,433 COISO,433 DOIDO,433 MAE
434 Gildo,434 5000,434 COISO,434 DOIDO,434 MAE
435 Gildo,435 5000,435 COISO,435 DOIDO,435 MAE
436 Gildo,436 5000,436 COISO,436 DOIDO,436 MAE
437 Gildo,437 5000,437 COISO,437 DOIDO,437 MAE
438 Gildo,438 5000,438 COISO,438 DOIDO,438 MAE
439 Gildo,439 5000,439 COISO,439 DOIDO,439 MAE
440 Gildo,440 5000,440 COISO,440 DOIDO,440 MAE
441 Gildo,441 5000,441 COISO,441 DOIDO,441 MAE
442 Gildo,442 5000,442 COISO,442 DOIDO,442 MAE
443 Gildo,443 5000,443 COISO,443 DOIDO,443 MAE
444 Gildo,444 5000,444 COISO,444 DOIDO,444 MAE
445 Gildo,445 5000,445 COISO,445 DOIDO,445 MAE
446 Gildo,446 5000,446 COISO,446 DOIDO,446 MAE
447 Gildo,447 5000,447 COISO,447 DOIDO,447 MAE
448 Gildo,448 5000,448 COISO,448 DOIDO,448 MAE
449 Gildo,449 5000,449 COISO,449 DOIDO,449 MAE
450 Gildo,450 5000,450 COISO,450 DOIDO,450 MAE
451 Gildo,451 5000,451 COISO,451 DOIDO,451 MAE
452 Gildo,452 5000,452 COISO,452 DOIDO,452 MAE
453 Gildo,453 5000,453 COISO,453 DOIDO,453 MAE
454 Gildo,454 5000,454 COISO,454 DOIDO,454 MAE
455 Gildo,455 5000,455 COISO,455 DOIDO,455 MAE
456 Gildo,456 5000,456 COISO,456 DOIDO,456 MAE
457 Gildo,457 5000,457 COISO,457 DOIDO,457 MAE
458 Gildo,458 5000,458 COISO,458 DOIDO,458 MAE
459 Gildo,459 5000,459 COISO,459 DOIDO,459 MAE
460 Gildo,460 5000,460 COISO,460 DOIDO,460 MAE
461 Gildo,461 5000,461 COISO,461 DOIDO,461 MAE
462 Gildo,462 5000,462 COISO,462 DOIDO,462 MAE
463 Gildo,463 5000,463 COISO,463 DOIDO,463 MAE
464 Gildo,464 5000,464 COISO,464 DOIDO,464 MAE
465 Gildo,465 5000,465 COISO,465 DOIDO,465 MAE
466 Gildo,466 5000,466 COISO,466 DOIDO,466 MAE
467 Gildo,467 5000,467 COISO,467 DOIDO,467 MAE
468 Gildo,468 5000,468 COISO,468 DOIDO,468 MAE
469 Gildo,469 5000,469 COISO,469 DOIDO,469 MAE
470 Gildo,470 5000,470 COISO,470 DOIDO,470 MAE
471 Gildo,471 5000,471 COISO,471 DOIDO,471 MAE
472 Gildo,472 5000,472 COISO,472 DOIDO,472 MAE
473 Gildo,473 5000,473 COISO,473 DOIDO,473 MAE
474 Gildo,474 5000,474 COISO,474 DOIDO,474 MAE
475 Gildo,475 5000,475 COISO,475 DOIDO,475 MAE
476 Gildo,476 5000,476 COISO,476 DOIDO,476 MAE
477 Gildo,477 5000,477 COISO,477 DOIDO,477 MAE
478 Gildo,478 5000,478 COISO,478 DOIDO,478 MAE
479 Gildo,479 5000,479 COISO,479 DOIDO,479 MAE
480 Gildo,480 5000,480 COISO,480 DOIDO,480 MAE
481 Gildo,481 5000,481 COISO,481 DOIDO,481 MAE
482 Gildo,482 5000,482 COISO,482 DOIDO,482 MAE
483 Gildo,483 5000,483 COISO,483 DOIDO,483 MAE
484 Gildo,484 5000,484 COISO,484 DOIDO,484 MAE
485 Gildo,485 5000,485 COISO,485 DOIDO,485 MAE
486 Gildo,486 5000,486 COISO,486 DOIDO,486 MAE
487 Gildo,487 5000,487 COISO,487 DOIDO,487 MAE
488 Gildo,488 5000,488 COISO,488 DOIDO,488 MAE
489 Gildo,489 5000,489 COISO,489 DOIDO,489 MAE
490 Gildo,490 5000,490 COISO,490 DOIDO,490 MAE
491 Gildo,491 5000,491 COISO,491 DOIDO,491 MAE
492 Gildo,492 5000,492 COISO,492 DOIDO,492 MAE
493 Gildo,493 5000,493 COISO,493 DOIDO,493 MAE
494 Gildo,494 5000,494 COISO,494 DOIDO,494 MAE
495 Gildo,495 5000,495 COISO,495 DOIDO,495 MAE
496 Gildo,496 5000,496 COISO,496 DOIDO,496 MAE
497 Gildo,497 5000,497 COISO,497 DOIDO,497 MAE
498 Gildo,498 5000,498 COISO,498 DOIDO,498 MAE
499 Gildo,499 5000,499 COISO,499 DOIDO,499 MAE
500 Gildo,500 5000,500 COISO,500 DOIDO,500 MAE
501 Gildo,501 5000,501 COISO,501 DOIDO,501 MAE
502 Gildo,502 5000,502 COISO,502 DOIDO,502 MAE
503 Gildo,503 5000,503 COISO,503 DOIDO,503 MAE
504 Gildo,504 5000,504 COISO,504 DOIDO,504 MAE
505 Gildo,505 5000,505 COISO,505 DOIDO,505 MAE
506 Gildo,506 5000,506 COISO,506 DOIDO,506 MAE
507 Gildo,507 5000,507 COISO,507 DOIDO,507 MAE
508 Gildo,508 5000,508 COISO,508 DOIDO,508 MAE
509 Gildo,509 5000,509 COISO,509 DOIDO,509 MAE
510 Gildo,510 5000,510 COISO,510 DOIDO,510 MAE
